CREATE DATABASE 'test.fdb' USER 'sysdba' PASSWORD 'masterkey';
CREATE TABLE students (id INTEGER, name VARCHAR (100), birthday DATE, group_id INTEGER);
INSERT INTO students VALUES (0, 'Stepan Andreevich Butko', '1977-6-2', 7);
INSERT INTO students VALUES (1, 'Stanislava Borisovna Pot', '1947-1-12', 6);
INSERT INTO students VALUES (2, 'Marya Alekseevna Astral', '1937-2-2', 8);
INSERT INTO students VALUES (3, 'Rita Alekseevna Sosna', '1949-8-3', 3);
INSERT INTO students VALUES (4, 'Valentina Alekseevna Hitler', '1988-4-25', 0);
INSERT INTO students VALUES (5, 'Nadezhda Alekseevna Prihodko', '1987-3-19', 4);
INSERT INTO students VALUES (6, 'Sergej Andreevich Sosna', '1959-1-26', 1);
INSERT INTO students VALUES (7, 'Valentin Andreevich Hitler', '1967-7-3', 1);
INSERT INTO students VALUES (8, 'Adolf Andreevich Kakashka', '1922-7-18', 3);
INSERT INTO students VALUES (9, 'Sasha Andreevich Kakashka', '1903-7-14', 3);
INSERT INTO students VALUES (10, 'Marya Alekseevna Hitler', '1921-12-21', 9);
INSERT INTO students VALUES (11, 'Valentin Stepanovich Poleno', '1997-4-15', 4);
INSERT INTO students VALUES (12, 'Adolf Andreevich Astral', '1967-1-23', 6);
INSERT INTO students VALUES (13, 'Sergej Stepanovich Hitler', '1904-12-15', 9);
INSERT INTO students VALUES (14, 'Bronislav Andreevich Timofeenko', '1932-11-16', 2);
INSERT INTO students VALUES (15, 'Bronislav Stepanovich Sosna', '1934-3-17', 0);
INSERT INTO students VALUES (16, 'Sasha Stepanovich Prihodko', '1905-6-14', 4);
INSERT INTO students VALUES (17, 'Valentin Andreevich Timofeenko', '1971-8-7', 2);
INSERT INTO students VALUES (18, 'Svetlana Borisovna Butko', '1909-10-4', 3);
INSERT INTO students VALUES (19, 'Stepan Stepanovich Poleno', '1964-7-8', 0);
INSERT INTO students VALUES (20, 'Ehduard Andreevich Kakashka', '1988-1-6', 4);
INSERT INTO students VALUES (21, 'Rita Alekseevna Poleno', '1901-1-3', 0);
INSERT INTO students VALUES (22, 'Sergej Andreevich Zinkovich', '1930-5-15', 6);
INSERT INTO students VALUES (23, 'Yan Stepanovich Butko', '1914-3-27', 7);
INSERT INTO students VALUES (24, 'Bronislav Andreevich Zinkovich', '1977-11-10', 4);
INSERT INTO students VALUES (25, 'Valentina Alekseevna Pot', '1923-5-6', 2);
INSERT INTO students VALUES (26, 'Valentina Borisovna Pot', '1957-12-2', 8);
INSERT INTO students VALUES (27, 'Sergej Stepanovich Astral', '1985-11-17', 8);
INSERT INTO students VALUES (28, 'Rita Borisovna Hitler', '1976-7-25', 2);
INSERT INTO students VALUES (29, 'Marya Borisovna Poleno', '1915-9-15', 8);
INSERT INTO students VALUES (30, 'Stepan Stepanovich Kakashka', '1926-5-9', 1);
INSERT INTO students VALUES (31, 'Valentin Andreevich Zinkovich', '1909-11-14', 9);
INSERT INTO students VALUES (32, 'Svetlana Alekseevna Kakashka', '1989-10-5', 5);
INSERT INTO students VALUES (33, 'Marya Borisovna Lennon', '1928-5-27', 0);
INSERT INTO students VALUES (34, 'Sasha Stepanovich Hitler', '1996-1-11', 3);
INSERT INTO students VALUES (35, 'Sergej Andreevich Zinkovich', '1953-8-16', 9);
INSERT INTO students VALUES (36, 'Svetlana Borisovna Timofeenko', '1946-10-26', 3);
INSERT INTO students VALUES (37, 'Stanislava Borisovna Prihodko', '1910-4-5', 1);
INSERT INTO students VALUES (38, 'Bronislav Andreevich Kakashka', '1976-11-9', 7);
INSERT INTO students VALUES (39, 'Stepan Andreevich Pot', '1933-8-5', 6);
INSERT INTO students VALUES (40, 'Rita Borisovna Sosna', '1929-3-23', 3);
INSERT INTO students VALUES (41, 'Marya Alekseevna Lennon', '1959-5-2', 2);
INSERT INTO students VALUES (42, 'Marya Alekseevna Kakashka', '1985-9-4', 2);
INSERT INTO students VALUES (43, 'Svetlana Borisovna Prihodko', '1932-5-18', 9);
INSERT INTO students VALUES (44, 'Bronislav Stepanovich Zinkovich', '1993-4-13', 1);
INSERT INTO students VALUES (45, 'Stanislava Alekseevna Poleno', '1975-10-15', 8);
INSERT INTO students VALUES (46, 'Svetlana Borisovna Prihodko', '1970-11-4', 5);
INSERT INTO students VALUES (47, 'Stanislava Alekseevna Pot', '1972-8-5', 3);
INSERT INTO students VALUES (48, 'Adolf Stepanovich Sosna', '1964-12-17', 2);
INSERT INTO students VALUES (49, 'Ehduard Stepanovich Butko', '1921-5-4', 7);
INSERT INTO students VALUES (50, 'Stepan Andreevich Timofeenko', '1906-7-26', 4);
INSERT INTO students VALUES (51, 'Valentina Alekseevna Pot', '1902-5-11', 5);
INSERT INTO students VALUES (52, 'Sasha Andreevich Kakashka', '1975-2-23', 8);
INSERT INTO students VALUES (53, 'Valentin Stepanovich Butko', '1962-3-26', 2);
INSERT INTO students VALUES (54, 'Rita Alekseevna Prihodko', '1975-6-10', 6);
INSERT INTO students VALUES (55, 'Adolf Stepanovich Prihodko', '1922-9-16', 9);
INSERT INTO students VALUES (56, 'Stanislava Alekseevna Timofeenko', '1959-10-22', 1);
INSERT INTO students VALUES (57, 'Rita Alekseevna Lennon', '1931-11-20', 4);
INSERT INTO students VALUES (58, 'Adolf Stepanovich Astral', '1980-6-15', 8);
INSERT INTO students VALUES (59, 'Darya Alekseevna Astral', '1905-3-4', 6);
INSERT INTO students VALUES (60, 'Stanislava Alekseevna Prihodko', '1990-6-16', 4);
INSERT INTO students VALUES (61, 'Rita Alekseevna Zinkovich', '1923-3-14', 3);
INSERT INTO students VALUES (62, 'Marya Borisovna Zinkovich', '1936-7-9', 2);
INSERT INTO students VALUES (63, 'Stepan Stepanovich Pot', '1906-12-8', 8);
INSERT INTO students VALUES (64, 'Marya Borisovna Timofeenko', '1909-1-13', 8);
INSERT INTO students VALUES (65, 'Valentin Stepanovich Zinkovich', '1936-3-11', 4);
INSERT INTO students VALUES (66, 'Yan Stepanovich Lennon', '2000-3-23', 2);
INSERT INTO students VALUES (67, 'Nadezhda Alekseevna Kakashka', '1910-7-20', 7);
INSERT INTO students VALUES (68, 'Yan Stepanovich Zinkovich', '1919-6-27', 9);
INSERT INTO students VALUES (69, 'Darya Borisovna Sosna', '1921-2-3', 6);
INSERT INTO students VALUES (70, 'Rita Alekseevna Zinkovich', '1966-6-25', 1);
INSERT INTO students VALUES (71, 'Yan Stepanovich Pot', '1922-6-7', 7);
INSERT INTO students VALUES (72, 'Yan Andreevich Timofeenko', '1995-12-23', 8);
INSERT INTO students VALUES (73, 'Svetlana Borisovna Kakashka', '1905-6-25', 9);
INSERT INTO students VALUES (74, 'Sasha Andreevich Butko', '1980-8-24', 1);
INSERT INTO students VALUES (75, 'Nadezhda Borisovna Lennon', '1943-8-27', 0);
INSERT INTO students VALUES (76, 'Valentin Andreevich Pot', '1997-2-12', 5);
INSERT INTO students VALUES (77, 'Adolf Andreevich Sosna', '1952-6-18', 1);
INSERT INTO students VALUES (78, 'Nadezhda Alekseevna Timofeenko', '1960-10-13', 4);
INSERT INTO students VALUES (79, 'Valentina Borisovna Kakashka', '1991-6-3', 4);
INSERT INTO students VALUES (80, 'Valentina Borisovna Kakashka', '1952-4-16', 3);
INSERT INTO students VALUES (81, 'Sasha Andreevich Lennon', '1955-6-7', 9);
INSERT INTO students VALUES (82, 'Marya Borisovna Prihodko', '1942-7-5', 5);
INSERT INTO students VALUES (83, 'Nadezhda Alekseevna Zinkovich', '1950-7-21', 0);
INSERT INTO students VALUES (84, 'Valentina Borisovna Astral', '1954-2-5', 3);
INSERT INTO students VALUES (85, 'Svetlana Alekseevna Hitler', '1979-1-24', 2);
INSERT INTO students VALUES (86, 'Svetlana Alekseevna Astral', '1970-12-20', 4);
INSERT INTO students VALUES (87, 'Valentin Andreevich Butko', '1939-8-10', 0);
INSERT INTO students VALUES (88, 'Sasha Andreevich Butko', '1919-9-26', 4);
INSERT INTO students VALUES (89, 'Sergej Andreevich Prihodko', '1967-2-1', 4);
INSERT INTO students VALUES (90, 'Marya Borisovna Timofeenko', '1912-8-6', 5);
INSERT INTO students VALUES (91, 'Svetlana Borisovna Pot', '1979-2-23', 9);
INSERT INTO students VALUES (92, 'Nadezhda Alekseevna Pot', '1916-1-23', 8);
INSERT INTO students VALUES (93, 'Rita Alekseevna Lennon', '1988-5-14', 1);
INSERT INTO students VALUES (94, 'Ehduard Stepanovich Hitler', '1953-3-20', 8);
INSERT INTO students VALUES (95, 'Yan Stepanovich Zinkovich', '1967-9-23', 3);
INSERT INTO students VALUES (96, 'Marya Alekseevna Hitler', '1968-10-9', 0);
INSERT INTO students VALUES (97, 'Valentina Alekseevna Hitler', '1981-7-26', 4);
INSERT INTO students VALUES (98, 'Ehduard Stepanovich Hitler', '1971-1-11', 9);
INSERT INTO students VALUES (99, 'Adolf Stepanovich Butko', '1905-8-2', 8);
CREATE TABLE groups (id INTEGER, name VARCHAR (100));
INSERT INTO groups VALUES (0, 'Nuclear Chemistry');
INSERT INTO groups VALUES (1, 'Applied Informatics');
INSERT INTO groups VALUES (2, 'Informational Watercloset Cleaning');
INSERT INTO groups VALUES (3, 'Nuclear Chemistry');
INSERT INTO groups VALUES (4, 'Applied Informatics');
INSERT INTO groups VALUES (5, 'Fundamental Chemistry');
INSERT INTO groups VALUES (6, 'Applied Chemistry');
INSERT INTO groups VALUES (7, 'Informational Informatics');
INSERT INTO groups VALUES (8, 'Applied Informatics');
INSERT INTO groups VALUES (9, 'Fundamental Physics');
CREATE TABLE studies (id INTEGER, name VARCHAR (100), groupid INTEGER);
INSERT INTO studies VALUES (0, 'Anti-Racism Propaganda', 14);
INSERT INTO studies VALUES (1, 'Tolerance lessons', 4);
INSERT INTO studies VALUES (2, 'Tolerance lessons', 9);
INSERT INTO studies VALUES (3, 'Russian TV watching', 7);
INSERT INTO studies VALUES (4, 'Deep Holes Exploration', 0);
INSERT INTO studies VALUES (5, 'The basics of the Orthodoxal culture', 0);
INSERT INTO studies VALUES (6, 'PE for mentally disabled', 4);
INSERT INTO studies VALUES (7, 'Waterclosets cleaning', 15);
INSERT INTO studies VALUES (8, 'Russian TV watching', 8);
INSERT INTO studies VALUES (9, 'Waterclosets cleaning', 9);
INSERT INTO studies VALUES (10, 'Russian TV watching', 15);
INSERT INTO studies VALUES (11, 'PE for mentally disabled', 13);
INSERT INTO studies VALUES (12, 'PE for mentally disabled', 14);
INSERT INTO studies VALUES (13, 'PE for mentally disabled', 9);
INSERT INTO studies VALUES (14, 'Algebra', 3);
CREATE TABLE scores (student_id INTEGER, study_id INTEGER, score INTEGER);
INSERT INTO scores VALUES (0, 3, 3);
INSERT INTO scores VALUES (2, 8, 2);
INSERT INTO scores VALUES (3, 14, 4);
INSERT INTO scores VALUES (4, 4, 5);
INSERT INTO scores VALUES (4, 5, 3);
INSERT INTO scores VALUES (5, 1, 2);
INSERT INTO scores VALUES (5, 6, 3);
INSERT INTO scores VALUES (8, 14, 3);
INSERT INTO scores VALUES (9, 14, 4);
INSERT INTO scores VALUES (10, 2, 3);
INSERT INTO scores VALUES (10, 9, 3);
INSERT INTO scores VALUES (10, 13, 5);
INSERT INTO scores VALUES (11, 1, 3);
INSERT INTO scores VALUES (11, 6, 2);
INSERT INTO scores VALUES (13, 2, 5);
INSERT INTO scores VALUES (13, 9, 2);
INSERT INTO scores VALUES (13, 13, 5);
INSERT INTO scores VALUES (15, 4, 5);
INSERT INTO scores VALUES (15, 5, 3);
INSERT INTO scores VALUES (16, 1, 5);
INSERT INTO scores VALUES (16, 6, 4);
INSERT INTO scores VALUES (18, 14, 4);
INSERT INTO scores VALUES (19, 4, 3);
INSERT INTO scores VALUES (19, 5, 4);
INSERT INTO scores VALUES (20, 1, 3);
INSERT INTO scores VALUES (20, 6, 5);
INSERT INTO scores VALUES (21, 4, 3);
INSERT INTO scores VALUES (21, 5, 5);
INSERT INTO scores VALUES (23, 3, 3);
INSERT INTO scores VALUES (24, 1, 4);
INSERT INTO scores VALUES (24, 6, 4);
INSERT INTO scores VALUES (26, 8, 4);
INSERT INTO scores VALUES (27, 8, 4);
INSERT INTO scores VALUES (29, 8, 2);
INSERT INTO scores VALUES (31, 2, 2);
INSERT INTO scores VALUES (31, 9, 3);
INSERT INTO scores VALUES (31, 13, 4);
INSERT INTO scores VALUES (33, 4, 5);
INSERT INTO scores VALUES (33, 5, 3);
INSERT INTO scores VALUES (34, 14, 4);
INSERT INTO scores VALUES (35, 2, 3);
INSERT INTO scores VALUES (35, 9, 4);
INSERT INTO scores VALUES (35, 13, 5);
INSERT INTO scores VALUES (36, 14, 3);
INSERT INTO scores VALUES (38, 3, 3);
INSERT INTO scores VALUES (40, 14, 3);
INSERT INTO scores VALUES (43, 2, 4);
INSERT INTO scores VALUES (43, 9, 2);
INSERT INTO scores VALUES (43, 13, 2);
INSERT INTO scores VALUES (45, 8, 2);
INSERT INTO scores VALUES (47, 14, 4);
INSERT INTO scores VALUES (49, 3, 2);
INSERT INTO scores VALUES (50, 1, 3);
INSERT INTO scores VALUES (50, 6, 5);
INSERT INTO scores VALUES (52, 8, 3);
INSERT INTO scores VALUES (55, 2, 4);
INSERT INTO scores VALUES (55, 9, 3);
INSERT INTO scores VALUES (55, 13, 2);
INSERT INTO scores VALUES (57, 1, 5);
INSERT INTO scores VALUES (57, 6, 4);
INSERT INTO scores VALUES (58, 8, 5);
INSERT INTO scores VALUES (60, 1, 3);
INSERT INTO scores VALUES (60, 6, 3);
INSERT INTO scores VALUES (61, 14, 5);
INSERT INTO scores VALUES (63, 8, 2);
INSERT INTO scores VALUES (64, 8, 3);
INSERT INTO scores VALUES (65, 1, 4);
INSERT INTO scores VALUES (65, 6, 2);
INSERT INTO scores VALUES (67, 3, 5);
INSERT INTO scores VALUES (68, 2, 3);
INSERT INTO scores VALUES (68, 9, 5);
INSERT INTO scores VALUES (68, 13, 5);
INSERT INTO scores VALUES (71, 3, 2);
INSERT INTO scores VALUES (72, 8, 3);
INSERT INTO scores VALUES (73, 2, 5);
INSERT INTO scores VALUES (73, 9, 3);
INSERT INTO scores VALUES (73, 13, 5);
INSERT INTO scores VALUES (75, 4, 2);
INSERT INTO scores VALUES (75, 5, 2);
INSERT INTO scores VALUES (78, 1, 3);
INSERT INTO scores VALUES (78, 6, 3);
INSERT INTO scores VALUES (79, 1, 4);
INSERT INTO scores VALUES (79, 6, 5);
INSERT INTO scores VALUES (80, 14, 2);
INSERT INTO scores VALUES (81, 2, 5);
INSERT INTO scores VALUES (81, 9, 4);
INSERT INTO scores VALUES (81, 13, 2);
INSERT INTO scores VALUES (83, 4, 2);
INSERT INTO scores VALUES (83, 5, 4);
INSERT INTO scores VALUES (84, 14, 2);
INSERT INTO scores VALUES (86, 1, 4);
INSERT INTO scores VALUES (86, 6, 2);
INSERT INTO scores VALUES (87, 4, 5);
INSERT INTO scores VALUES (87, 5, 3);
INSERT INTO scores VALUES (88, 1, 3);
INSERT INTO scores VALUES (88, 6, 4);
INSERT INTO scores VALUES (89, 1, 2);
INSERT INTO scores VALUES (89, 6, 3);
INSERT INTO scores VALUES (91, 2, 5);
INSERT INTO scores VALUES (91, 9, 5);
INSERT INTO scores VALUES (91, 13, 4);
INSERT INTO scores VALUES (92, 8, 5);
INSERT INTO scores VALUES (94, 8, 3);
INSERT INTO scores VALUES (95, 14, 4);
INSERT INTO scores VALUES (96, 4, 5);
INSERT INTO scores VALUES (96, 5, 5);
INSERT INTO scores VALUES (97, 1, 3);
INSERT INTO scores VALUES (97, 6, 2);
INSERT INTO scores VALUES (98, 2, 2);
INSERT INTO scores VALUES (98, 9, 5);
INSERT INTO scores VALUES (98, 13, 2);
INSERT INTO scores VALUES (99, 8, 5);
